ID,name,address,phone
7542051,name-7542051,address-7542051,phone-7542051
7542052,name-7542052,address-7542052,phone-7542052
90,name-7542053,address-7542053,phone-7542053
19,name-7542054,address-7542054,phone-7542054
91,name-7542055,address-7542055,phone-7542055
58,name-7542056,address-7542056,phone-7542056
7542057,name-7542057,address-7542057,phone-7542057
67,name-7542058,address-7542058,phone-7542058
7542059,name-7542059,address-7542059,phone-7542059
7542060,name-7542060,address-7542060,phone-7542060